,Responsibility,Steve,Steve,Steve,Steve,Carol Matallana,Carol Matallana,Andrés Roncancio,Ana Vera,Carol Matallana,Carol Matallana,Andrés Roncancio,Ana Vera,Ana Vera,Andrés Roncancio,Andrés Roncancio,Kelly McDonnell,Kelly McDonnell,Andrés Roncancio,Alison Berman,Andrés Roncancio,Andrés Roncancio
,Type,Conversions,Conversions,Conversions,Conversions,Text Ads,Text Ads,Dynamic Banner Creative,Static Image,Text Ads,Text Ads,Static Image,Lead Gen Forms,Video,Video,Video,Video,Video,Dynamic Banner Creative,Video,Video,Display
,Platform,One Medical,One Medical,One Medical,One Medical,Google SEM,Bing SEM,TradeDesk,Facebook / Instagram,Google SEM,Bing SEM,TradeDesk,LinkedIn,Facebook / IG,YouTube TrueView,TTD OTT/CTV,OTT Reservation Video (Roku),OTT Reservation Video (Hulu),TTD,Linear TV,TradeDesk,TradeDesk
,Date,Conv: Paid,Conv: Enterprise,Conv: Trial - 30 Day,Conv: Trial - 90 Day,DR - Consumer,DR - Consumer,DR - Consumer,DR - Consumer,DR - Enterprise,DR - Enterprise,DR - Enterprise,DR - Enterprise,Brand - Consumer,Brand - Consumer,Brand - Consumer,Brand - Consumer,Brand - Consumer,Brand - Consumer,Brand - Linear,Brand - Enterprise,Brand - Enterprise
,7/15/21,,,,,7311,507,"737,290","261,929",2079,553,,"6,864","246,886","700,282","80,058",,,"210,022",,"46,476","92,159"
,7/14/21,,,,,7900,391,"331,673","271,993",2101,514,,"6,650","211,947","715,146","104,547",,,"224,550",,"54,338","98,037"
,7/13/21,,,,,8158,500,"332,609","262,529",1756,693,,"7,351","121,707","742,823","101,949",,,"229,119",,"41,584","102,381"
,7/12/21,,,,,9029,505,"340,801","342,380",2768,541,,"5,771","288,693","772,472","98,496",,,"226,985",,"29,342","94,201"
,7/11/21,,,,,3423,188,"370,135","261,453",2146,627,,"2,933","329,243","709,948","98,151",,,"233,062",,"37,784","80,694"
,7/10/21,,,,,3039,221,"377,710","322,585",2118,362,,"3,398","225,593","701,233","97,943",,,"242,342",,"46,817","77,979"
,7/9/21,,,,,6871,433,"346,074","292,774",2436,536,,"5,891","257,056","711,839","92,807",,,"243,406",,"45,547","102,363"
,7/8/21,,,,,6910,419,"333,011","303,675",2254,509,,"6,869","272,281","745,508","90,527",,,"239,757",,"50,749","105,362"
,7/7/21,,,,,7469,467,"335,292","324,701",2622,584,,"7,135","312,444","768,847","77,971",,,"224,301",,"42,326","101,323"
,7/6/21,,,,,7984,494,"380,282","361,434",2065,351,,"6,285","346,482","790,222","101,803",,,"291,218",,"53,633","96,015"
,7/5/21,,,,,3535,234,"378,647","309,222",1914,351,,"4,446","296,055","753,426","109,201",,,"304,421",,"34,085","87,606"
,7/4/21,,,,,1918,110,"384,460","158,218",2079,314,,"1,741","291,430","734,605","99,686",,,"310,807",,"32,335","88,439"
,7/3/21,,,,,2260,155,"382,478","269,913",1396,469,,"1,874","273,005","740,766","101,138",,,"334,339",,"33,839","86,065"
,7/2/21,,,,,14128,291,"365,584","252,201",2310,1490,,"3,246","265,549","774,271","99,984",,,"346,535",,"27,112","82,956"
,7/1/21,,,,,39663,399,"19,429","223,375",7316,5888,,"2,416","329,335","800,599",860,,,"11,390",,742,"3,257"
,6/30/21,384,546,25,43,38903,420,"171,187","685,797",7092,4911,,"8,511","363,335","121,996","24,706",,,"41,568",,"126,842","129,917"
,6/29/21,398,501,29,47,31884,434,"261,316","433,834",5409,4845,,"10,317","373,976","129,201","35,956",,,"60,717",,"143,219","188,467"
,6/28/21,423,575,28,30,32120,433,"296,414","200,568",3281,2723,,"8,785","365,502","133,563","40,442",,,"68,646",,"186,047","203,681"
,6/27/21,295,137,10,4,26159,155,"326,925","64,137",1463,1385,,"3,695","371,070","127,246","45,357",,,"73,511",,"126,239","208,450"
,6/26/21,298,133,7,25,25690,146,"336,387","55,021",3838,1665,,"3,536","323,241","126,123","42,821",,,"70,643",,"129,624","220,982"
,6/25/21,514,526,26,34,27089,271,"342,172","98,918",4421,2031,,"7,965","313,440","123,593","44,355",,,"74,674",,"128,087","246,775"
,6/24/21,242,393,21,24,45772,367,"358,966","221,152",4419,1713,,"10,108","333,595","127,255","46,188",,,"79,325",,"126,816","275,756"
,6/23/21,209,466,20,30,5296,363,"371,011","234,618",4184,1828,,"14,778","345,954","130,140","46,229",,,"81,722",,"111,345","283,176"
,6/22/21,236,565,29,62,5582,423,"388,487","243,649",3720,1460,,"14,095","352,252","134,088","46,457",,,"77,108",,"123,277","255,383"
,6/21/21,202,546,38,28,6829,360,"463,309","274,374",4268,1770,,"27,840","349,729","137,327","45,841",,,"74,882",,"81,325","241,993"
,6/20/21,84,115,11,5,2683,113,"507,855","282,858",3373,1511,,"12,679","374,633","128,612","44,681",,,"75,963",,"59,282","28,589"
,6/19/21,83,164,12,39,2331,87,"522,067","324,812",4810,1660,,"14,816","351,673","127,027","46,551",,,"83,074",,"59,470","29,554"
,6/18/21,175,400,29,18,4338,224,"533,968","363,945",3178,1766,,"21,497","326,543","127,638","47,585",,,"84,146",,"60,312","32,043"
,6/17/21,152,521,24,11,19456,298,"530,647","361,865",3306,1766,,"16,026","293,636","132,109","48,099",,,"85,542",,"63,632","33,737"
,6/16/21,177,629,28,18,4420,316,"540,292","363,248",4030,462,,"16,549","280,264","134,135","44,207",,,"82,968",,"65,166","34,996"
,6/15/21,203,473,30,12,4415,291,"540,550","293,930",4146,161,,"15,795","275,403","137,247","44,041",,,"82,135",,"64,831","36,375"
,6/14/21,228,533,25,31,5411,304,"570,344","202,486",4132,0,,"6,360","294,018","141,161","45,164",,,"77,461",,"64,862","34,387"
,6/13/21,87,95,9,10,2070,124,"672,626","115,367",3351,0,,"2,400","299,961","134,889","49,460",,,"88,526",,"64,418","31,280"
,6/12/21,67,95,5,14,1646,103,"606,242","103,448",2753,0,,"2,644","311,826","131,619","47,534",,,"90,592",,"65,683","31,794"
,6/11/21,172,327,30,28,3764,269,"555,755","154,753",2772,0,,"4,065","304,147","131,859","49,610",,,"90,499",,"63,996","35,913"
,6/10/21,196,578,31,23,4830,287,"553,728","197,838",3932,0,,"3,906","275,282","135,339","51,458",,,"85,651",,"68,066","36,517"
,6/9/21,182,483,27,52,5501,355,"584,057","229,895",2455,0,,"3,652","288,461","136,346","49,397",,,"75,664",,"69,920","38,448"
,6/8/21,260,794,31,50,7042,299,"594,356","233,722",3962,0,,"4,720","329,208","137,757","52,734",,,"76,201",,"66,574","45,709"
,6/7/21,264,710,35,54,10573,421,"611,281","207,257",4501,0,,"3,531","361,461","143,003","52,451",,,"77,097",,"62,935","39,732"
,6/6/21,108,125,4,8,3603,116,"633,741","128,681",3829,0,,"2,002","339,069","136,330","50,384",,,"77,453",,"75,110","37,348"
,6/5/21,121,181,10,40,3482,96,"628,743","167,283",3634,0,,"2,291","299,595","133,524","47,310",,,"77,442",,"75,130","36,993"
,6/4/21,288,436,28,42,11369,254,"545,993","230,662",3536,0,,"1,933","324,068","131,645","48,216",,,"79,494",,"77,001","39,602"
,6/3/21,520,487,33,27,17808,322,"552,663","244,607",3074,0,,"1,056","332,942","140,615","48,513",,,"76,716",,"75,821","44,422"
,6/2/21,489,580,28,55,9212,248,"584,265","255,729",2849,0,,842,"369,737","144,119","40,597",,,"77,256",,"71,767","45,547"
,6/1/21,461,663,43,56,10600,263,"908,419","207,058",3046,0,,833,"318,822","145,266","37,007",,,"78,684",,"62,868","56,523"
,5/31/21,390,164,11,21,6820,50,"320,937","224,174",2689,0,,"3,008","104,664","211,275","86,436",,,"103,763",,"53,603","28,009"
,5/30/21,109,87,4,5,4948,109,"481,826","141,916",1701,0,,"1,525","173,505","85,182","75,364",,,"158,504",,"73,720","37,182"
,5/29/21,114,98,2,31,5188,116,"539,001","174,368",2313,0,,"1,675","163,565","83,758","88,250",,,"179,558",,"80,449","32,600"
,5/28/21,167,282,16,83,9534,215,"569,669","158,703",2223,1483,,"2,884","162,460","86,298","104,673",,,"185,961",,"86,648","35,158"
,5/27/21,193,309,16,34,11113,304,"600,281","103,536",2455,2661,,"6,422","147,982","179,753","106,226",,,"196,204",,"88,874","38,647"
,5/26/21,224,439,20,102,12594,350,"552,614","113,426",2205,3147,,"7,562","149,791","421,821","104,938",,,"204,135",,"97,968","42,239"
,5/25/21,233,462,22,33,11671,451,"655,886","127,854",4559,3017,,"7,800","162,762","431,164","112,690",,,"210,775",,"98,051","43,325"
,5/24/21,207,529,23,34,11531,422,"796,689","118,788",6133,2699,,"8,139","169,183","452,385","112,366",,,"242,951",,"101,806","42,721"
,5/23/21,87,123,10,11,3974,168,"834,947","128,660",7432,2794,,"2,281","175,998","409,465","109,053",,,"260,085",,"105,436","36,911"
,5/22/21,81,109,8,58,3287,220,"839,698","111,000",3194,2860,,"3,410","164,114","406,942","108,564",,,"269,232",,"101,607","37,881"
,5/21/21,220,399,18,42,5116,485,"834,464","126,087",5686,2573,,"5,666","162,696","404,250","113,634",,,"278,386",,"98,115","50,224"
,5/20/21,166,478,19,61,8027,528,"733,050","248,749",2923,2845,,"7,322","155,640","422,999","118,440",,,"286,984",,"100,014","67,964"
,5/19/21,134,498,22,112,7362,874,"170,703","299,036",2820,3561,,"7,418","165,129","432,556","113,711",,,"290,408",,"111,282","68,582"
,5/18/21,142,627,37,89,6392,509,"169,732","274,961",2578,3616,,"8,824","167,095","436,649","115,660",,,"307,098",,"111,252","76,207"
,5/17/21,125,623,21,150,6806,486,"170,477","271,032",3000,2486,,"4,734","153,477","453,632","114,112",,,"326,500",,"112,183","69,033"
,5/16/21,59,141,7,16,3136,201,"177,840","202,540",2638,3353,,"1,111","156,534","426,838","114,834",,,"331,256",,"114,827","46,951"
,5/15/21,57,158,15,79,2840,107,"186,352","180,165",2152,3995,,"1,270","159,253","406,678","104,029",,,"336,086",,"117,154","48,395"
,5/14/21,160,531,32,114,5094,272,"116,554","132,415",2796,1639,,964,"172,245","416,245","92,221",,,"338,622",,"114,743","75,205"
,5/13/21,134,481,22,101,5065,449,"204,520","64,723",2857,1781,,"1,457","178,850","442,874","88,704",,,"342,395",,"114,723","87,039"
,5/12/21,176,434,27,73,9190,345,"279,432","86,155",1901,2400,,"1,627","178,331","448,177","127,445",,,"345,955",,"117,491","99,684"
,5/11/21,109,446,19,88,13675,277,"300,572","103,667",2393,1010,,"1,571","178,981","461,259","147,006",,,"342,565",,"116,558","109,881"
,5/10/21,122,506,38,100,15072,357,"309,208","132,098",2689,1653,,514,"181,633","480,539","146,966",,,"334,553",,"113,071","64,150"
,5/9/21,35,73,9,34,13506,99,"341,023","148,662",1618,1755,,826,"192,800","447,808","138,649",,,"354,194",,"115,418","50,399"
,5/8/21,36,91,8,143,12258,86,"345,329","138,674",1426,1770,,774,"181,608","442,574","135,590",,,"361,712",,"116,496","53,308"
,5/7/21,75,382,22,182,13174,197,"305,238","121,306",1327,2299,,822,"184,894","437,968","144,745",,,"366,966",,"112,227","91,672"
,5/6/21,117,418,21,543,13682,254,"308,607","88,265",1578,1343,,"1,285","175,138","448,278","145,984",,,"368,110",,"111,973","103,142"
,5/5/21,109,319,42,183,16378,259,"316,830","90,963",1160,1581,,623,"181,477","463,331","146,990",,,"365,896",,"93,503","103,762"
,5/4/21,131,401,34,68,12589,254,"327,466","92,007",2872,1861,,797,"182,182","468,046","147,832",,,"357,169",,"52,489","86,603"
,5/3/21,136,527,29,77,12086,266,"342,159","85,358",4174,2822,,"1,394","194,520","285,826","143,349",,,"359,107",,"52,139","46,171"
,5/2/21,39,93,12,10,39024,123,"359,771","57,861",5504,3386,,745,"188,880","264,971","135,696",,,"378,822",,"57,299","38,775"
,5/1/21,52,126,16,70,33725,123,"345,460","63,704",6370,3548,,823,"178,822","251,744","136,014",,,"379,933",,"56,134","34,859"
,4/30/21,98,381,37,80,36858,160,"139,811","68,039",4538,3173,,,"215,497","234,162","55,770",,,0,,"32,638","12,809"
,4/29/21,125,425,25,89,40755,269,"227,378","94,608",7872,3585,,"23,361","564,378","227,874","70,371",,,0,,"45,504","19,197"
,4/28/21,128,340,36,57,34051,221,"269,636","127,114",5867,2234,,"35,172","1,022,413","243,077","78,474",,,0,,"47,096","21,359"
,4/27/21,128,359,40,81,35064,229,"332,641","300,953",5800,4643,,"25,431","1,024,008","253,583","86,232",,,0,,"47,517","22,751"
,4/26/21,137,441,52,60,35574,280,"327,622","318,072",4852,3496,,"11,412","1,015,840","263,527","167,121",,,0,,"58,988","25,798"
,4/25/21,56,102,15,21,28556,122,"343,051","139,149",4693,2868,,"10,636","527,990","248,971","187,540",,,0,"161,100","61,526","27,452"
,4/24/21,49,119,11,149,26118,97,"342,277","168,792",5181,2306,,"11,593","487,758","234,146","192,027",,,0,,"64,272","28,385"
,4/23/21,104,268,36,185,30305,188,"342,136","165,312",6361,2884,,"15,937","463,057","242,993","212,285",,,0,,"68,596","29,337"
,4/22/21,121,488,44,197,34031,190,"346,194","188,059",5902,2992,,"12,193","671,177","256,495","219,349",,,0,"47,400","64,834","30,184"
,4/21/21,114,364,36,292,35264,245,"381,771","200,093",4941,4366,,"11,164","851,451","267,349","204,331",,,0,,"67,900","30,983"
,4/20/21,96,351,46,646,31389,235,"387,118","226,539",5956,2946,,"18,482","892,713","269,495","197,388",,,0,,"64,634","31,667"
,4/19/21,153,387,39,352,30940,178,"423,013","291,966",3223,1197,,"5,193","893,764","282,371","229,361",,,0,,"60,966","32,265"
,4/18/21,42,102,15,91,25804,99,"453,603","156,367",4033,1368,,"2,703","934,604","269,348","226,070",,,0,,"64,859","32,573"
,4/17/21,50,89,13,146,21224,95,"405,447","237,302",3421,708,,"3,484","889,486","263,469","223,687",,,0,,"65,322","33,203"
,4/16/21,89,264,26,395,26454,139,"421,842","229,145",3397,1131,,"6,791","848,563","251,934","241,622",,,0,,"61,130","33,786"
,4/15/21,131,316,30,515,30951,151,"371,837","207,907",3090,851,,"7,344","841,851","260,411","233,961",,,0,,"58,336","34,288"
,4/14/21,137,349,37,487,30485,182,"504,926","184,474",4217,1104,,"5,751","847,158","273,692","223,566",,,0,,"52,903","34,489"
,4/13/21,127,391,39,906,30663,176,"542,989","211,798",3647,1155,,"5,576","678,658","256,410","208,912",,,0,,"50,669","33,818"
,4/12/21,121,401,52,561,33414,251,"398,151","235,315",3916,1459,,"4,905","772,904","256,674","215,469",,,0,,"21,579","45,796"
,4/11/21,51,107,16,148,26934,97,"424,068","126,283",5302,1198,,"2,541","840,533","1,706,100","232,141",,,0,,"21,879","32,646"
,4/10/21,48,98,20,107,25143,74,"431,605","134,648",3954,1227,,"3,523","765,363","1,688,517","251,496",,,0,,"21,286","32,999"
,4/9/21,106,257,40,421,26300,145,"409,460","156,020",3772,1370,,"6,569","726,209","1,680,520","264,192",,,0,,"18,414","33,675"
,4/8/21,117,349,38,555,30744,159,"397,056","140,556",3261,1539,,"6,699","625,012","1,758,578","257,478",,,0,"67,000","18,697","33,966"
,4/7/21,121,447,55,496,30537,187,"408,963","102,015",3554,1328,,"7,026","260,434","1,781,102","232,374",,,0,,"28,324","34,321"
,4/6/21,132,552,55,484,31367,191,"412,148","122,775",3809,1144,,"7,136","206,347","1,809,045","231,224",,,0,,"28,645","34,366"
,4/5/21,154,497,59,430,32649,258,"426,072","148,544",3702,1451,,"5,659","227,522","1,837,016","243,390",,,0,"29,600","17,213","34,907"
,4/4/21,50,95,14,264,30442,90,"465,839","57,814",4181,991,,"2,335","238,465","1,772,240","219,874",,,0,,,"34,949"
,4/3/21,60,108,33,218,27797,152,"481,588","58,002",3295,940,,"1,419","206,172","1,738,398","219,203",,,0,"409,000",,"35,111"
,4/2/21,128,384,46,410,32823,320,"458,554","45,248",4089,1327,,"1,855","187,871","1,789,608","202,188",,,0,"29,500",,"35,448"
,4/1/21,162,534,51,635,33836,344,"444,178","37,999",3377,3820,,"1,766","155,635","1,660,400","192,675",,,15,"280,300",,"39,497"
,3/31/21,164,631,63,498,33404,211,"146,203",74701,3294,7703,"12,482","205,137",,"1,432,786","309,549","124,967","31,799","175,137","325,500",,
,3/30/21,163,582,80,551,26265,411,"121,728",291828,3280,3769,"18,712","144,911","373,652","321,247","49,998","166,683","52,888","262,742","24,900",,
,3/29/21,185,561,66,456,28459,520,"146,174",70102,3455,2330,"20,694","4,143","501,693","329,616","51,516","137,931","53,289","291,263","277,000",,
,3/28/21,79,125,23,366,26085,203,"167,243",70431,2278,953,"22,063","2,252","491,464","326,313","24,180","22,010","63,238","310,856","15,602",,
,3/27/21,79,129,30,356,20058,245,"179,821",119870,2312,904,"23,243","1,952","441,048","313,036","33,014","22,050","62,125","327,439","129,343",,
,3/26/21,167,599,52,743,24580,429,"173,603",204072,2340,1010,"24,343","3,265","405,220","314,552","37,544","25,915","54,935","338,600","159,558",,
,3/25/21,222,688,72,"1,052",26718,543,"174,952",149113,2737,1433,"25,193","3,347","446,660","331,250","35,667","24,919","81,540","351,968","104,490",,
,3/24/21,249,683,75,969,27087,605,"184,549",163173,2391,1612,"25,932","2,777","332,354","331,685","36,713","25,576","85,492","365,245","128,884",,
,3/23/21,159,669,60,524,25728,623,"181,943",181092,2294,1521,"26,446","3,172","285,490","345,298","39,548","27,537","67,889","369,515","32,616",,
,3/22/21,183,440,70,428,31500,314,"197,651",172407,2137,1724,"27,039","2,788","285,312","351,018","42,597","24,615","92,287","377,285","505,580",,
,3/21/21,78,91,46,175,23716,137,"215,863",112368,2777,805,"27,421","1,441","327,692","339,018","29,600","5,216","58,214","381,126","366,784",,
,3/20/21,82,111,31,319,21976,175,"225,086",105639,2415,1315,"27,980","1,563","337,473","338,878","45,494","6,065","56,331","389,725","665,446",,
,3/19/21,131,256,70,615,22826,285,"205,206",94733,2903,1098,"28,590","2,900","340,376","336,018","41,255","5,610","69,220","404,749","470,654",,
,3/18/21,179,390,79,785,27735,380,"202,100",38487,2802,1438,"29,110","3,089","187,371","342,034","40,308","6,519","57,283","410,535","286,672",,
,3/17/21,205,465,81,370,23871,369,"209,817",37767,2494,745,"29,454","3,746","144,456","357,891","42,594","6,127","56,554","403,694","222,000",,
,3/16/21,173,427,99,358,24984,483,"194,690",53593,2883,1621,"29,950","1,788","106,665","384,230","44,581","7,104","53,631","404,601","250,465",,
,3/15/21,194,422,73,843,25873,843,"191,114",51325,3721,1353,"30,317","1,811","96,062","351,389","46,627","6,220","59,465","409,478","419,673",,
,3/14/21,104,132,40,87,18839,590,"204,958",48144,2993,1271,"30,532",983,"94,957","348,986","29,590","21,181","60,119","414,503","398,258",,
,3/13/21,95,132,28,133,17581,715,"211,159",58394,3934,732,"30,959","1,182","84,384","350,003","44,071","25,960","66,846","419,513","462,365",,
,3/12/21,141,274,38,601,20918,1147,"191,858",52480,3297,1461,"31,399","1,961","82,927","349,857","46,817","26,697","40,913","423,337","492,064",,
,3/11/21,172,276,67,340,23230,420,"183,210",58574,3244,1138,"31,777","2,015","229,405","372,209","38,434","26,430","62,352","14,937","386,836",,
,3/10/21,165,353,58,247,24394,561,"184,709",47839,2690,2079,"32,142","2,161","335,990","366,724","34,242","27,535","67,983",,"842,730",,
,3/9/21,182,421,64,223,22892,654,"185,363",21084,2266,1997,"32,497","2,284","354,626","363,209","35,779","31,043","66,939",,"541,014",,
,3/8/21,206,390,66,217,25702,1015,"206,269",,3355,1506,"32,689","1,862","393,025","380,878","36,821","27,155","69,080",,"442,880",,
,3/7/21,86,102,28,91,18463,181,"218,658",,4110,1314,"32,847","1,090","370,905","363,890","24,616","37,444","69,802",,"847,666",,
,3/6/21,92,125,36,124,15634,165,"227,020",,3160,1631,"33,175","1,372","343,829","353,647","35,886","41,051","88,469",,"523,499",,
,3/5/21,159,253,60,999,18211,249,"205,797",,3001,1407,"33,614","1,944","355,525","361,320","38,784","40,327","46,859",,"576,035",,
,3/4/21,179,381,74,"1,005",19971,394,"204,453",,1722,2384,"33,851","2,078","362,630","361,560","41,173","46,034","67,749",,"674,216",,
,3/3/21,191,390,82,929,23678,420,"208,039",,2639,1286,"34,142","2,031","375,607","378,098","42,339","45,218","71,395",,"703,445",,
,3/2/21,256,452,85,"1,110",17744,18750,"213,441",,2052,1206,"34,843","2,882","377,028","231,806","45,112","47,840","69,291",,"307,493",,
,3/1/21,316,572,93,"1,558",26040,36026,"214,035",,2576,2139,"35,286","1,470","280,735","177,711","48,615","43,315","72,266",,"424,164",,
,2/28/21,134,163,32,383,36906,39308,"98,548",,1725,4,"35,303","1,015","302,860","123,615","20,965","4,911","612,221",,"2,086,829",,
,2/27/21,135,167,49,398,49977,34056,"163,746",,2174,1185,"52,815",801,"287,165","122,316","31,103","57,968","716,164",,"696,814",,
,2/26/21,199,347,79,845,57887,49771,"166,307",,2014,1945,"58,913",932,"166,992","132,520","31,262","81,335","760,210",,"302,500",,
,2/25/21,249,436,104,739,71042,49683,"180,890",,2193,1191,"63,190","1,183",,"133,828","32,224","76,818","790,539",,"483,255",,
,2/24/21,294,453,143,417,58500,55540,"195,625",18470,3102,2053,"66,529","1,278","63,353","130,197","34,601","80,154","56,000",,"412,209",,
,2/23/21,316,648,147,585,52649,52570,"197,214",45119,3109,2382,"69,599","3,787","197,224","133,521","35,709","67,329","54,603",,"328,134",,
,2/22/21,322,432,150,508,54570,59531,"223,057",68413,2259,2237,"72,178","3,404","204,210","141,782","35,894","60,473","58,867",,"425,044",,
,2/21/21,169,129,53,190,47144,36556,"239,444",43045,2316,1462,"74,019","2,007","223,941","136,145","15,215","46,928","53,860",,"536,852",,
,2/20/21,183,156,67,374,41266,31539,"250,840",56299,2585,1269,"75,887","2,217","220,709","136,905","22,723","174,031","46,449",,"805,892",,
,2/19/21,257,383,99,803,50050,41136,"222,160",73332,3165,1990,"77,754","3,607","223,393","130,475","24,832","60,299","42,170",,"185,941",,
,2/18/21,282,649,136,694,50913,41851,"218,053",74648,2691,1978,"78,803","3,801","224,558","138,742","26,222","92,928","44,978",,"591,908",,
,2/17/21,339,508,138,673,48026,37627,"230,428",58241,2891,1830,"57,045","3,827","223,593","137,069","27,889","91,842","64,185",,"436,593",,
,2/16/21,237,457,117,399,59707,40897,"231,681",101731,2517,2035,"58,236","3,841","232,345","146,197","28,689","101,078","28,509",,"206,499",,
,2/15/21,215,247,106,323,57506,36775,"262,314",127506,2427,1989,"58,990","2,456","241,104","139,262","29,581","90,351","55,178",,"381,541",,
,2/14/21,147,112,50,188,52439,22809,"269,394",128939,2629,1981,"59,734","1,503","250,943","133,174","11,174","32,474","57,733",,"718,685",,
,2/13/21,180,175,92,285,50474,21243,"282,065",117580,2516,1203,"60,625","1,757","195,934","133,584","16,461","152,266","60,230",,"471,398",,
,2/12/21,294,489,128,478,51959,30082,"253,491",95248,2248,1802,"61,531","2,829","181,275","132,305","17,343","352,746","69,547",,"145,862",,
,2/11/21,373,884,193,809,50717,30073,"252,849",89200,3127,2010,"62,401","2,903","193,819","136,184","18,469","45,139","33,374",,"353,494",,
,2/10/21,360,530,172,735,48848,31338,"258,540",100741,3345,1978,"62,944","2,984","214,054","137,234","19,297","80,782","58,085",,"365,221",,
,2/9/21,377,604,209,998,47594,32501,"248,264",99519,4019,1862,"63,682","3,032","195,417","132,529","19,914","109,542","57,414",,"861,031",,
,2/8/21,406,623,149,"1,105",50919,31095,"268,877",89543,2873,1861,"64,384","2,511","25,599","141,841","20,457","128,179","61,974",,"638,547",,
,2/7/21,193,169,129,258,42780,21369,"290,278",48667,2599,0,"64,899","1,521",,"135,752","6,024","8,978","59,678",,"466,124",,
,2/6/21,201,248,110,347,41868,19296,"305,220",48210,2726,0,"65,671","1,968",,"136,365","9,558","82,891","55,115",,"522,800",,
,2/5/21,381,571,224,522,45671,19884,"266,467",49655,3857,0,"66,338","2,819",,"136,851","10,359","76,579","55,173",,"218,535",,
,2/4/21,366,464,229,393,41625,16745,"269,108",59361,2735,0,"67,013","2,849",,"138,562","11,072","119,326","58,011",,"257,573",,
,2/3/21,335,632,185,671,37605,16464,"263,347",61046,3175,0,"67,614","2,668",,"146,660","11,843","172,267","62,971",,"237,585",,
,2/2/21,471,469,195,875,33654,15666,"250,010",61381,2238,145,"71,179","3,078",,"241,803","12,696","102,910","56,790",,"464,388",,
,2/1/21,487,582,170,"3,632",52991,5404,"260,643",75380,3436,,"73,028","2,740",,"1,878,875","12,978","94,510","66,568",,"1,782,185",,
,1/31/21,287,181,104,306,60483,6229,"461,330",26380,2732,,"39,069","1,262",,"2,631,836","16,491","98,393","111,714",,"864,432",,
,1/30/21,318,206,117,364,61015,6499,"714,123",26054,3179,,"58,670","2,086",,"2,628,533","24,086","307,299","118,698",,"993,228",,
,1/29/21,494,478,189,533,61153,10498,"750,286",33417,4127,,"65,157","1,935",,"2,648,979","26,640","111,103","384,924",,"246,953",,
,1/28/21,571,413,213,861,62355,10676,"795,768",55327,4472,,"69,792","2,612",,"2,011,264","28,258",0,0,,"634,428",,
,1/27/21,759,543,213,"5,329",82607,9150,"816,059",57824,3363,,"70,411","3,153",,"2,173,422","29,822",0,0,,"289,486",,
,1/26/21,601,595,232,"1,040",78796,11218,"821,378",60403,4100,,"26,267","3,358",,"2,700,284","30,920",0,0,,"264,946",,
,1/25/21,584,631,180,"1,483",61713,10563,"841,857",67254,3804,,"27,209","2,690",,,"32,340",0,0,,"353,207",,
,1/24/21,277,234,71,542,51338,7167,"803,670",74518,3353,,"27,946","1,327",,,"9,695",,,,"536,311",,
,1/23/21,389,280,100,"2,144",64302,6616,"794,464",71934,2464,,"28,644","1,435",,,"14,812",,,,"601,966",,
,1/22/21,569,693,149,"4,367",69711,8563,"857,569",63867,3057,,"29,584","1,734",,,"16,131",,,,"244,923",,
,1/21/21,524,537,155,"3,233",71672,10009,"868,963",62926,3400,,"28,432","3,719",,,"17,410",,,,"241,426",,
,1/20/21,535,568,152,"5,092",66955,9047,"887,696",68280,4099,,"28,753","4,262",,,"20,540",,,,"5,505,558",,
,1/19/21,549,623,175,"1,725",78104,9041,"860,502",65972,3591,,"29,194","4,599",,,"18,333",,,,"235,220",,
,1/18/21,458,308,96,"1,046",76440,7679,"603,207",73550,2609,,"29,650","4,005",,,,,,,"1,021,903",,
,1/17/21,386,210,93,771,72159,7222,"598,815",75318,3221,,"30,059","2,568",,,,,,,"395,881",,
,1/16/21,478,278,125,"1,130",71748,6463,"597,508",75619,3212,,"30,478","2,871",,,,,,,"1,066,284",,
,1/15/21,828,857,240,"2,567",75549,10220,"644,096",48767,3662,,"30,860","3,233",,,,,,,"289,958",,
,1/14/21,776,561,233,"3,162",68899,9814,"538,200",45351,3378,,"31,218","1,515",,,,,,,"381,882",,
,1/13/21,588,581,158,"2,758",46678,11224,"496,253",47342,2830,,"31,558","3,275",,,,,,,"214,866",,
,1/12/21,607,628,164,"2,917",38071,22570,"494,482",39698,2263,,"31,932","3,772",,,,,,,"31,910",,
,1/11/21,381,692,151,609,55291,22128,"519,362",90887,3499,,"32,260","3,415",,,,,,,"931,479",,
,1/10/21,183,301,83,42,45047,15388,"509,980",85138,2933,,"32,516","2,117",,,,,,,,,
,1/9/21,194,344,104,132,41441,12246,"498,771",97251,3422,,"32,807","2,275",,,,,,,,,
,1/8/21,293,531,147,103,45396,17368,"346,078",118350,3297,,"33,108","3,353",,,,,,,,,
,1/7/21,233,535,146,286,44912,18695,"133,345",,3986,,"33,412","3,917",,,,,,,,,
,1/6/21,254,621,149,12,35026,26686,"181,858",31931,3177,,"33,632","4,312",,,,,,,,,
,1/5/21,307,797,159,26,41418,29862,"166,613",69094,2980,,"34,064","4,170",,,,,,,,,
,1/4/21,334,907,168,19,19962,30074,"153,195",73966,1937,,"34,386","3,637",,,,,,,,,
,1/3/21,160,177,72,27,3643,22004,"88,286",80901,121,,"34,649","1,392",,,,,,,,,
,1/2/21,132,213,65,39,3086,21910,"79,799",73576,210,,"34,890","1,570",,,,,,,,,
,1/1/21,116,131,68,22,2645,21176,"71,603",61922,368,,"34,873","1,903",,,,,,,,,
,12/31/20,142,291,132,2,3458,23422,"248,934",142183,146,,,,,,,,,,,,
,12/30/20,211,427,157,4,3526,30799,"387,103",109607,327,,,,,,,,,,,,
,12/29/20,214,293,149,2,3272,35114,"419,584",102530,234,,,,,,,,,,,,
,12/28/20,228,306,220,0,12580,20079,"469,502",107418,1706,,,,,,,,,,,,
,12/27/20,107,84,71,0,53851,7758,"515,660",119800,1939,,,,,,,,,,,,
,12/26/20,93,88,67,0,51828,7039,"549,454",114572,2101,,,,,,,,,,,,
,12/25/20,60,41,48,0,43842,6996,"536,365",111894,2098,,,,,,,,,,,,
,12/24/20,149,161,150,0,43034,8471,"592,965",106029,3630,,,,,,,,,,,,
,12/23/20,161,284,198,0,54216,10299,"586,973",89970,5952,,,,,,,,,,,,
,12/22/20,182,439,250,0,54078,10935,"561,691",100832,4554,,,,,,,,,,,,
,12/21/20,202,552,244,1,56251,14293,"587,224",113393,5763,,,,,,,,,,,,
,12/20/20,112,193,142,0,57866,11577,"649,365",100380,4240,,,,,,,,,,,,
,12/19/20,147,237,150,0,56164,11078,"607,192",100561,4584,,,,,,,,,,,,
,12/18/20,181,449,200,2,63114,13466,"606,664",99295,5247,,,,,,,,,,,,
,12/17/20,161,518,225,1,59893,12456,"588,462",43175,4506,,,,,,,,,,,,
,12/16/20,204,468,239,0,61183,11232,"515,974",74985,5386,,,,,,,,,,,,
,12/15/20,205,589,275,1,48629,11969,"496,176",105762,5723,,,,,,,,,,,,
,12/14/20,217,594,302,0,51767,15377,"534,478",121540,5577,,,,,,,,,,,,
,12/13/20,113,193,129,1,41977,9257,"463,210",108938,5670,,,,,,,,,,,,
,12/12/20,109,234,148,0,40763,9604,"472,474",91091,6661,,,,,,,,,,,,
,12/11/20,163,504,179,2,45843,13563,"531,502",82915,4868,,,,,,,,,,,,
,12/10/20,203,626,233,0,31994,10312,"460,756",75002,6451,,,,,,,,,,,,
,12/9/20,216,539,229,1,24990,8362,"392,487",81986,5373,,,,,,,,,,,,
,12/8/20,204,567,199,0,18925,8347,"281,511",79122,6206,,,,,,,,,,,,
,12/7/20,219,605,219,2,18097,6273,"298,166",46214,3716,,,,,,,,,,,,
,12/6/20,94,119,111,0,10730,3157,"291,631",41028,0,,,,,,,,,,,,
,12/5/20,128,152,108,0,11050,2935,"307,286",32563,0,,,,,,,,,,,,
,12/4/20,209,380,188,0,16233,4112,"321,669",31105,0,,,,,,,,,,,,
,12/3/20,221,445,229,0,17493,4312,"283,524",31341,0,,,,,,,,,,,,
,12/2/20,184,527,266,0,17970,4568,"290,695",35232,0,,,,,,,,,,,,
,12/1/20,255,632,203,0,18267,4630,"189,655",18216,0,,,,,,,,,,,,
,11/30/20,287,633,231,0,26737,5719,"656,023",27423,0,,,,,,,,,,,,
,11/29/20,107,138,101,0,24608,8007,"311,433",41924,0,,,,,,,,,,,,
,11/28/20,100,135,89,0,22798,10121,"292,749",31415,0,,,,,,,,,,,,
,11/27/20,100,129,112,0,23551,12103,"249,756",26332,0,,,,,,,,,,,,
,11/26/20,66,84,91,0,14380,7747,"345,413",32335,0,,,,,,,,,,,,
,11/25/20,197,355,283,0,18420,10511,"348,219",26912,0,,,,,,,,,,,,
,11/24/20,269,468,392,0,17687,10164,"345,616",29556,0,,,,,,,,,,,,
,11/23/20,311,592,571,0,19712,7333,"375,132",36954,0,,,,,,,,,,,,
,11/22/20,158,240,267,0,7441,2398,"333,388",34313,0,,,,,,,,,,,,
,11/21/20,165,260,320,0,7281,3113,"332,233",32939,0,,,,,,,,,,,,
,11/20/20,266,589,463,0,12865,2049,"367,548",31589,5056,,,,,,,,,,,,
,11/19/20,312,722,470,0,13499,2610,"373,676",26953,6373,,,,,,,,,,,,
,11/18/20,376,780,460,0,16491,2063,"382,355",30311,7017,,,,,,,,,,,,
,11/17/20,347,733,433,0,15750,2053,"385,112",32052,5388,,,139,,,,,,,,,
,11/16/20,372,752,418,0,19848,2622,"386,767",35832,3802,,,252,,,,,,,,,
,11/15/20,147,273,155,0,11678,1658,"343,772",34287,3582,,,274,,,,,,,,,
,11/14/20,158,300,144,1,11018,2193,"310,856",29909,3003,,,277,,,,,,,,,
,11/13/20,224,515,267,1,16111,2629,"380,456",26216,3001,,,276,,,,,,,,,
,11/12/20,252,604,229,0,16739,2522,"386,694",27252,5879,,,262,,,,,,,,,
,11/11/20,229,642,227,0,18335,2762,"374,989",34659,2821,,,257,,,,,,,,,
,11/10/20,213,503,185,0,24356,2632,"383,349",41484,3995,,,261,,,,,,,,,
,11/9/20,223,565,179,0,25370,2613,"417,794",50509,2466,,,143,,,,,,,,,
,11/8/20,88,123,53,0,18097,2019,"322,201",73826,2511,,,143,,,,,,,,,
,11/7/20,76,114,74,3,14279,1852,"319,205",63697,2513,,,145,,,,,,,,,
,11/6/20,146,319,131,1,20099,2561,"383,003",42266,2456,,,147,,,,,,,,,
,11/5/20,143,438,123,0,19876,2939,"426,504",42844,2149,,,138,,,,,,,,,
,11/4/20,131,339,165,1,21212,2727,"432,550",72546,2924,,,142,,,,,,,,,
,11/3/20,155,401,148,0,19798,2351,"425,436",67009,2901,,,135,,,,,,,,,
,11/2/20,191,629,165,0,26413,1367,"425,397",56401,3070,,,167,,,,,,,,,
,11/1/20,80,157,43,0,0,0,"400,381",21561,0,,,162,,,,,,,,,
,10/31/20,69,139,58,0,38417,2321,"645,059",359567,3398,,,50,,,,,,,,,
,10/30/20,127,375,97,0,36174,2433,"564,351",434740,4524,,,51,,,,,,,,,
,10/29/20,152,451,119,2,32146,1931,"557,796",199544,5788,,,51,,,,,,,,,
,10/28/20,173,440,144,0,31404,1554,"521,512",209025,4553,,,51,,,,,,,,,
,10/27/20,187,479,125,0,21869,1994,"507,696",212283,2904,,,50,,,,,,,,,
,10/26/20,175,638,136,0,18985,1912,"412,604",191474,2418,,,51,,,,,,,,,
,10/25/20,73,135,39,0,12615,5482,"321,663",71358,2056,,,66,,,,,,,,,
,10/24/20,80,168,50,0,10350,1172,"330,489",35012,2716,,,88,,,,,,,,,
,10/23/20,111,351,86,0,15250,2340,"517,759",33656,2595,,,88,,,,,,,,,
,10/22/20,164,494,118,0,16958,1401,"530,458",55160,2761,,,88,,,,,,,,,
,10/21/20,162,428,105,0,18048,1601,"534,820",49086,2086,,,140,,,,,,,,,
,10/20/20,208,397,121,0,17755,1067,"533,354",45556,3616,,,305,,,,,,,,,
,10/19/20,174,456,115,0,20849,6251,"533,394",59523,4679,,"31,253",454,,,,,,,,,
,10/18/20,78,169,43,0,14967,7244,"469,133",88853,2435,,"9,248",467,,,,,,,,,
,10/17/20,72,144,41,0,12794,1785,"467,941",67959,3676,,"9,428",483,,,,,,,,,
,10/16/20,154,384,77,0,18406,1797,"509,501",59142,3054,,"1,334",468,,,,,,,,,
,10/15/20,126,446,90,0,20490,2162,"495,631",74202,3471,,,458,,,,,,,,,
,10/14/20,135,494,96,0,16044,1844,"468,104",56581,2969,,,526,,,,,,,,,
,10/13/20,195,475,112,0,16659,2992,"502,083",50384,1790,,,526,,,,,,,,,
,10/12/20,192,535,118,0,17593,15223,"515,258",60165,1976,,,530,,,,,,,,,
,10/11/20,75,203,54,0,10825,5702,"480,349",92970,1802,,,525,,,,,,,,,
,10/10/20,60,229,35,0,9739,2704,"485,242",77288,2337,,,530,,,,,,,,,
,10/9/20,136,449,94,0,15416,3373,"528,901",68134,1673,,,539,,,,,,,,,
,10/8/20,148,390,112,0,15018,3411,"529,232",70081,2032,,,536,,,,,,,,,
,10/7/20,196,665,133,0,15811,3269,"560,408",69365,2322,,,540,,,,,,,,,
,10/6/20,210,671,138,0,28100,3075,"573,804",75552,2815,,,557,,,,,,,,,
,10/5/20,200,933,161,0,29560,3273,"570,628",78673,2146,,,552,,,,,,,,,
,10/4/20,74,174,63,0,3838,3383,"460,667",39574,3110,,,558,,,,,,,,,
,10/3/20,72,182,50,0,3327,3621,"438,441",43372,2135,,,560,,,,,,,,,
,10/2/20,161,458,99,0,7998,4486,"419,252",29124,3261,,0,563,,,,,,,,,
,10/1/20,157,515,105,0,7336,3690,"100,867",2521,1263,,,628,,,,,,,,,
,9/30/20,139,510,93,0,8947,3874,0,42318,3463,,,"3,451",,,,,,,,,
,9/29/20,171,456,115,0,9645,3721,0,44644,3623,,,"3,906",,,,,,,,,
,9/28/20,230,456,136,0,11542,5009,"179,144",98434,2291,,0,"3,523",,,,,,,,,
,9/27/20,70,127,44,0,5205,4199,"189,382",157054,1872,,0,"2,972",,,,,,,,,
,9/26/20,69,122,47,0,4550,4048,"183,715",162364,2628,,,"2,807",,,,,,,,,
,9/25/20,144,358,93,0,9338,5048,"168,855",165046,2431,,,"3,106",,,,,,,,,
,9/24/20,155,439,104,0,10846,5568,"169,920",146200,2881,,,"3,093",,,,,,,,,
,9/23/20,161,535,102,0,11317,5562,"142,106",154963,3362,,,"3,096",,,,,,,,,
,9/22/20,165,479,119,0,14219,4962,"147,114",123717,3679,,,"2,782",,,,,,,,,
,9/21/20,190,628,126,0,14238,5187,"148,436",145373,3795,,,"1,496",,,,,,,,,
,9/20/20,73,185,52,0,6322,3929,"145,980",183631,2382,,,"1,522",,,,,,,,,
,9/19/20,67,192,36,0,5464,2756,"149,416",149602,2318,,0,"1,613",,,,,,,,,
,9/18/20,131,575,81,0,11017,4123,"387,148",176572,1877,,0,"1,265",,,,,,,,,
,9/17/20,164,489,106,0,12274,3798,"483,982",240783,1799,,,"1,454",,,,,,,,,
,9/16/20,145,597,120,0,12716,3482,"466,849",263851,530,,,"1,522",,,,,,,,,
,9/15/20,182,533,130,0,13628,3666,"461,765",285525,355,,,"1,320",,,,,,,,,
,9/14/20,199,502,153,0,14438,5274,"314,479",282560,749,,,577,,,,,,,,,
,9/13/20,60,132,56,0,6310,5064,"350,392",306400,755,,,690,,,,,,,,,
,9/12/20,79,138,54,0,5898,6193,"338,834",271799,719,,,750,,,,,,,,,
,9/11/20,128,346,127,0,10438,7462,"353,421",265935,409,,0,355,,,,,,,,,
,9/10/20,167,634,140,0,11783,7988,"179,517",258431,775,,,216,,,,,,,,,
,9/9/20,180,567,172,0,13026,6269,"120,141",255942,668,,,356,,,,,,,,,
,9/8/20,368,501,172,0,14502,4789,"115,929",279583,814,,,458,,,,,,,,,
,9/7/20,386,205,101,0,6740,2923,"109,309",356531,841,,,464,,,,,,,,,
,9/6/20,239,100,46,0,4854,3503,"110,423",243867,496,,,468,,,,,,,,,
,9/5/20,203,122,80,0,5396,3952,"108,951",212069,291,,,492,,,,,,,,,
,9/4/20,255,346,133,0,9166,5843,"106,893",229418,431,,,498,,,,,,,,,
,9/3/20,295,495,160,0,7945,4075,"99,043",243534,639,,,293,,,,,,,,,
,9/2/20,423,547,138,0,8896,4649,"99,749",293451,689,,0,396,,,,,,,,,
,9/1/20,423,762,201,0,10388,998,"52,793",106270,425,,0,611,,,,,,,,,
,8/31/20,201,694,267,0,42447,0,"982,423",1285504,928,,,"1,136","681,218",,,,,,,,
,8/30/20,74,277,91,0,6711,0,"594,144",670854,493,,,"1,310","411,752",,,,,,,,
,8/29/20,89,315,108,0,6749,0,"670,170",658115,1097,,0,"1,756","401,903",,,,,,,,
,8/28/20,116,589,191,0,10914,0,"732,685",608598,535,,,925,"343,212",,,,,,,,
,8/27/20,142,524,192,0,11705,3310,"538,780",602903,294,,,631,"365,302",,,,,,,,
,8/26/20,149,599,226,0,10676,3682,"320,700",646710,532,,,599,"396,614",,,,,,,,
,8/25/20,171,751,216,0,10933,3285,"289,840",538363,1707,,,601,"413,052",,,,,,,,
,8/24/20,183,589,282,0,15464,5085,"221,937",455601,175,,0,599,"473,607",,,,,,,,
,8/23/20,84,241,110,0,6779,3773,"183,295",436652,0,,,598,"396,727",,,,,,,,
,8/22/20,79,311,97,0,6283,4414,"182,978",405229,0,,,601,"431,250",,,,,,,,
,8/21/20,129,798,191,0,11077,4161,"186,005",362410,0,,0,,"509,323",,,,,,,,
,8/20/20,123,763,247,0,8050,4787,"191,183",291565,0,,,,"522,340",,,,,,,,
,8/19/20,165,645,247,0,13779,2175,"219,995",202011,0,,,,"491,725",,,,,,,,
,8/18/20,166,624,294,0,9346,3073,"228,616",250023,0,,,,"345,803",,,,,,,,
,8/17/20,200,469,370,0,16690,4642,"228,200",260997,0,,,,"417,246",,,,,,,,
,8/16/20,85,161,99,0,7362,5244,"220,738",211652,0,,,,"496,735",,,,,,,,
,8/15/20,54,151,98,0,5937,5884,"218,355",197510,0,,0,,"607,902",,,,,,,,
,8/14/20,126,470,233,0,8869,5749,"223,555",72844,0,,,,"561,533",,,,,,,,
,8/13/20,143,379,286,0,13457,3200,"294,586",38632,0,,,,,,,,,,,,
,8/12/20,129,350,261,0,11960,2973,"295,456",,0,,,,,,,,,,,,
,8/11/20,162,527,299,0,8473,2964,"312,940",,0,,,,,,,,,,,,
,8/10/20,176,521,362,0,14653,2344,"319,816",,0,,,,,,,,,,,,
,8/9/20,54,141,129,0,6864,1853,"299,954",,0,,,,,,,,,,,,
,8/8/20,68,145,123,0,6368,1845,"291,653",,0,,,,,,,,,,,,
,8/7/20,133,662,256,0,12354,2899,"304,160",,0,,0,,,,,,,,,,
,8/6/20,156,512,302,0,11792,3036,"310,098",,0,,,,,,,,,,,,
,8/5/20,166,459,319,0,12005,6040,"309,356",,0,,0,,,,,,,,,,
,8/4/20,145,597,297,0,7760,1770,"309,354",,0,,,,,,,,,,,,
,8/3/20,181,543,394,0,16803,5611,"306,166",,0,,0,,,,,,,,,,
,8/2/20,86,135,131,0,9454,6549,"284,157",,0,,0,,,,,,,,,,
,8/1/20,79,139,108,0,8532,2550,"274,925",,0,,3,,,,,,,,,,
,7/31/20,125,403,308,0,29672,6148,"337,474",,685,,"253,072",187,,,,,,,,,
,7/30/20,144,438,319,0,18337,5771,"265,224",,603,,"154,802",806,,,,,,,,,
,7/29/20,145,450,330,0,47306,6766,"275,016",,370,,"169,182","1,441",,,,,,,,,
,7/28/20,150,546,403,0,38677,5579,"279,290",,226,,"170,716","1,439",,,,,,,,,
,7/27/20,206,529,402,0,18578,5227,"267,960",,526,,"172,244","1,437",,,,,,,,,
,7/26/20,75,151,152,0,9397,7083,"258,027",,308,,"169,716","1,441",,,,,,,,,
,7/25/20,80,145,173,0,8704,7763,"253,343",,420,,"170,403","1,433",,,,,,,,,
,7/24/20,110,629,322,0,15307,5861,"254,353",,311,,"171,848","1,439",,,,,,,,,
,7/23/20,127,668,374,0,17994,5902,"254,308",,425,,"172,184","1,288",,,,,,,,,
,7/22/20,144,545,403,0,18070,5070,"254,537",,405,,"172,736","1,433",,,,,,,,,
,7/21/20,153,663,475,0,10217,7388,"254,633",,389,,"173,177","1,437",,,,,,,,,
,7/20/20,182,656,524,0,12740,7576,"269,079",,468,,"164,576","1,439",,,,,,,,,
,7/19/20,70,154,194,0,7506,2727,"268,868",,665,,"162,117","1,438",,,,,,,,,
,7/18/20,72,218,189,0,6994,4397,"268,836",,290,,"162,288","1,436",,,,,,,,,
,7/17/20,137,373,403,0,12205,6303,"268,088",,661,,"164,608","1,437",,,,,,,,,
,7/16/20,140,639,481,0,12748,7444,"392,952",,443,,"165,033","1,423",,,,,,,,,
,7/15/20,170,786,515,0,13761,6322,"292,818",,625,,"164,213","1,437",,,,,,,,,
,7/14/20,167,531,581,0,14200,6503,0,,241,,"163,142","1,438",,,,,,,,,
,7/13/20,207,523,603,0,16648,8903,0,,393,,"53,457",495,,,,,,,,,
,7/12/20,81,126,240,0,7618,6344,0,,344,,"51,998",497,,,,,,,,,
,7/11/20,91,141,246,0,6890,9364,0,,439,,"51,734",496,,,,,,,,,
,7/10/20,159,595,461,0,12308,12545,0,,428,,"52,460",495,,,,,,,,,
,7/9/20,163,477,574,0,14608,18136,0,,389,,"47,340",496,,,,,,,,,
,7/8/20,190,498,650,0,20815,4874,0,,853,,"47,051","1,089",,,,,,,,,
,7/7/20,229,474,748,0,17263,,0,,211,,"47,407","1,130",,,,,,,,,
,7/6/20,204,547,722,0,17706,,0,,587,,"47,326","1,131",,,,,,,,,
,7/5/20,74,90,170,0,5197,,0,,318,,"47,166","1,128",,,,,,,,,
,7/4/20,66,68,149,0,3190,,0,,303,,"47,119","1,127",,,,,,,,,
,7/3/20,97,159,259,0,5161,,0,,323,,"47,065","1,130",,,,,,,,,
,7/2/20,144,392,523,0,6831,,0,,445,,"33,245","3,321",,,,,,,,,
,7/1/20,157,455,561,0,18712,,45,,961,,"213,345","4,241",,,,,,,,,
,6/30/20,193,473,620,0,64059,,"251,457",691756,999,,"279,638","26,280",,,,,,,,,
,6/29/20,193,667,645,0,59575,,"209,025",762415,1898,,"280,178","23,136",,,,,,,,,
,6/28/20,61,127,250,0,47221,,"199,082",396323,2161,,"278,652","16,723",,,,,,,,,
,6/27/20,93,166,203,0,54984,,"192,813",326349,1308,,"278,635","19,283",,,,,,,,,
,6/26/20,126,485,437,0,37720,,"217,661",455155,1651,,"272,117","25,220",,,,,,,,,
,6/25/20,131,511,396,0,11053,,"229,162",618250,1980,,"278,433","26,616",,,,,,,,,
,6/24/20,133,410,366,0,6841,,"232,121",611466,3031,,"118,620","15,021",,,,,,,,,
,6/23/20,156,665,398,0,10556,,"241,042",689095,228,,"40,235","14,517",,,,,,,,,
,6/22/20,151,451,396,0,33895,,"238,671",414598,226,,,"13,983",,,,,,,,,
,6/21/20,58,116,107,0,24162,,"230,185",206841,72,,,"12,080",,,,,,,,,
,6/20/20,46,153,140,0,22808,,"236,581",277814,79,,,"13,806",,,,,,,,,
,6/19/20,106,329,273,0,30070,,"240,273",472672,82,,,"16,199",,,,,,,,,
,6/18/20,133,658,277,0,29736,,"240,169",404751,81,,,"14,731",,,,,,,,,
,6/17/20,96,395,251,0,31445,,"160,635",381067,,,,"15,976",,,,,,,,,
,6/16/20,103,485,277,0,30456,,"164,867",467362,,,,"15,710",,,,,,,,,
,6/15/20,161,508,320,0,32918,,"166,325",637673,,,,"14,800",,,,,,,,,
,6/14/20,42,79,120,0,24658,,"155,231",438516,,,,"11,161",,,,,,,,,
,6/13/20,51,96,102,0,25137,,"135,177",355992,,,,"10,485",,,,,,,,,
,6/12/20,112,329,257,0,28742,,"140,398",380311,,,,"2,038",,,,,,,,,
,6/11/20,109,272,288,0,30165,,"145,463",535850,,,,"1,339",,,,,,,,,
,6/10/20,115,368,244,0,30111,,"146,748",801710,,,,,,,,,,,,,
,6/9/20,132,320,279,0,32390,,"173,710",571180,,,,,,,,,,,,,
,6/8/20,135,338,303,0,33183,,"166,301",605405,,,,,,,,,,,,,
,6/7/20,43,58,96,0,24772,,"161,625",452085,,,,,,,,,,,,,
,6/6/20,52,68,92,0,22740,,"160,138",555083,,,,,,,,,,,,,
,6/5/20,80,219,183,0,28232,,"167,689",564995,,,,,,,,,,,,,
,6/4/20,93,165,258,0,38843,,"169,683",247826,,,,,,,,,,,,,
,6/3/20,107,241,493,0,59489,,"174,733",4513,,,,,,,,,,,,,
,6/2/20,89,227,213,0,56351,,"175,858",325942,,,,,,,,,,,,,
,6/1/20,104,209,201,0,54171,,"176,171",676366,,,,,,,,,,,,,
,5/31/20,38,53,65,0,38817,,"172,156",6346409,,,,,,,,,,,,,
,5/30/20,50,70,87,0,39360,,"174,889",8960215,,,,,,,,,,,,,
,5/29/20,89,167,226,0,46797,,"190,787",6089856,,,,,,,,,,,,,
,5/28/20,101,138,199,0,46971,,"200,538",578187,,,,,,,,,,,,,
,5/27/20,103,180,212,0,41432,,"193,739",624149,,,,,,,,,,,,,
,5/26/20,104,231,194,0,46655,,"134,472",661186,,,,,,,,,,,,,
,5/25/20,48,64,84,0,34292,,"114,201",664564,,,,,,,,,,,,,
,5/24/20,41,35,69,0,33015,,"110,513",536359,,,,,,,,,,,,,
,5/23/20,45,54,96,0,31772,,"114,786",552548,,,,,,,,,,,,,
,5/22/20,81,181,242,0,37932,,"93,826",704634,,,,"1,718",,,,,,,,,
,5/21/20,97,220,0,0,41564,,"40,333",527064,,,,"2,374",,,,,,,,,
,5/20/20,74,227,3,0,44984,,"30,984",628924,,,,"2,677",,,,,,,,,
,5/19/20,94,254,3,0,45042,,"30,139",640186,,,,"2,411",,,,,,,,,
,5/18/20,87,238,3,0,49017,,"39,791",646417,,,,"2,362",,,,,,,,,
,5/17/20,36,81,0,0,37527,,"26,503",638835,,,,,,,,,,,,,
,5/16/20,35,62,0,0,32387,,"30,118",644571,,,,,,,,,,,,,
,5/15/20,80,245,2,0,41810,,"34,857",679372,,,,,,,,,,,,,
,5/14/20,80,283,0,0,43287,,,679467,,,,,,,,,,,,,
,5/13/20,97,209,2,0,43084,,,475891,,,,,,,,,,,,,
,5/12/20,84,289,1,0,45105,,,472010,,,,,,,,,,,,,
,5/11/20,108,268,10,0,46914,,,537541,,,,,,,,,,,,,
,5/10/20,39,56,3,0,33203,,,438056,,,,,,,,,,,,,
,5/9/20,65,67,9,0,35498,,,414287,,,,,,,,,,,,,
,5/8/20,88,138,11,0,42673,,,477214,,,,,,,,,,,,,
,5/7/20,93,188,15,0,46622,,,463157,,,,,,,,,,,,,
,5/6/20,93,193,12,0,46618,,,504455,,,,,,,,,,,,,
,5/5/20,92,183,11,0,44701,,,519361,,,,,,,,,,,,,
,5/4/20,129,239,10,0,48080,,,519744,,,,,,,,,,,,,
,5/3/20,64,77,2,0,37459,,,568135,,,,,,,,,,,,,
,5/2/20,44,94,5,0,34541,,,470412,,,,,,,,,,,,,
,5/1/20,78,230,14,0,41415,,,520496,,,,"2,887",,,,,,,,,
,4/30/20,71,215,13,0,41148,,,519954,,,,"2,979",,,,,,,,,
,4/29/20,125,193,36,0,43628,,,541688,,,,"2,948",,,,,,,,,
,4/28/20,110,209,21,0,44227,,,444638,,,,"3,065",,,,,,,,,
,4/27/20,135,175,27,0,45648,,,484578,,,,"1,956",,,,,,,,,
,4/26/20,43,86,10,0,36518,,,419685,,,,0,,,,,,,,,
,4/25/20,72,84,12,0,36403,,,408610,,,,"1,976",,,,,,,,,
,4/24/20,110,170,30,0,41716,,,458414,,,,"2,844",,,,,,,,,
,4/23/20,173,381,24,0,42157,,,459768,,,,"2,793",,,,,,,,,
,4/22/20,75,304,11,0,40868,,,382176,,,,"2,836",,,,,,,,,
,4/21/20,98,220,6,0,41558,,,328162,,,,"3,091",,,,,,,,,
,4/20/20,90,258,17,0,42008,,,399440,,,,"3,142",,,,,,,,,
,4/19/20,33,54,4,0,29272,,,339884,,,,"2,380",,,,,,,,,
,4/18/20,62,107,11,0,29963,,,395039,,,,"2,397",,,,,,,,,
,4/17/20,68,399,8,0,30544,,,450369,,,,"2,607",,,,,,,,,
,4/16/20,48,226,9,0,31978,,,396507,,,,"2,543",,,,,,,,,
,4/15/20,71,474,6,0,30882,,,429669,,,,"3,112",,,,,,,,,
,4/14/20,77,831,24,0,31994,,,327873,,,,"3,283",,,,,,,,,
,4/13/20,75,307,46,0,33212,,,159529,,,,"2,579",,,,,,,,,
,4/12/20,34,87,0,0,26923,,,111989,,,,0,,,,,,,,,
,4/11/20,32,119,1,0,27862,,,124038,,,,0,,,,,,,,,
,4/10/20,69,354,27,0,31642,,,146557,,,,0,,,,,,,,,
,4/9/20,88,316,48,0,30566,,,177338,,,,"2,356",,,,,,,,,
,4/8/20,70,546,31,0,31278,,,179853,,,,"3,274",,,,,,,,,
,4/7/20,74,268,14,0,33914,,,80503,,,,"3,281",,,,,,,,,
,4/6/20,60,327,4,0,40829,,,112297,,,,"3,474",,,,,,,,,
,4/5/20,40,111,0,0,38766,,,101501,,,,"2,607",,,,,,,,,
,4/4/20,51,114,0,0,38069,,,120307,,,,"2,523",,,,,,,,,
,4/3/20,73,268,0,0,41467,,,147071,,,,"1,571",,,,,,,,,
,4/2/20,132,"1,350",2,0,46743,,,203588,,,,"4,928",,,,,,,,,
,4/1/20,77,326,0,0,41596,,,219682,,,,"13,011",,,,,,,,,
,3/31/20,85,326,0,0,42813,,,63510,,,,"48,217","303,933",,,,,,,,
,3/30/20,35,99,0,0,46468,,,135896,,,,"42,780","287,318",,,,,,,,
,3/29/20,68,122,0,0,36708,,,16937,,,,"32,882","217,558",,,,,,,,
,3/28/20,70,242,0,0,36712,,,114284,,,,"34,663","232,146",,,,,,,,
,3/27/20,79,584,0,0,38454,,,175195,,,,"43,067","251,768",,,,,,,,
,3/26/20,131,261,0,0,39276,,,472596,,,,"35,169","269,736",,,,,,,,
,3/25/20,96,282,0,0,38451,,,13469,,,,,"251,013",,,,,,,,
,3/24/20,128,622,0,0,35867,,,,,,,,"206,636",,,,,,,,
,3/23/20,65,156,0,0,38156,,,,,,,,"230,863",,,,,,,,
,3/22/20,75,164,0,0,29722,,,,,,,,"256,201",,,,,,,,
,3/21/20,130,487,0,0,27463,,,,,,,,"277,992",,,,,,,,
,3/20/20,146,631,0,0,32865,,,3786,,,,,"280,169",,,,,,,,
,3/19/20,129,297,0,0,30748,,,7450,,,,,"143,834",,,,,,,,
,3/18/20,133,352,0,0,32028,,,9117,,,,,"159,358",,,,,,,,
,3/17/20,196,347,0,0,27678,,,8428,,,,,"131,845",,,,,,,,
,3/16/20,103,138,0,0,27131,,,9059,,,,,"104,724",,,,,,,,
,3/15/20,84,157,0,0,21329,,,6737,,,,,"110,916",,,,,,,,
,3/14/20,181,357,0,0,19736,,,22328,,,,,"100,390",,,,,,,,
,3/13/20,230,342,0,0,22621,,,29488,,,,,"93,000",,,,,,,,
,3/12/20,218,363,0,0,22154,,,30228,,,,,"100,786",,,,,,,,
,3/11/20,214,318,0,0,22368,,,24343,,,,,"93,578",,,,,,,,
,3/10/20,219,444,0,0,18109,,,17694,,,,,"103,106",,,,,,,,
,3/9/20,81,106,0,0,0,,,13172,,,,,"95,523",,,,,,,,
,3/8/20,73,109,0,0,0,,,8025,,,,,"73,320",,,,,,,,
,3/7/20,155,219,0,0,8047,,,9779,,,,,"83,622",,,,,,,,
,3/6/20,181,287,0,0,17435,,,14061,,,,,"96,854",,,,,,,,
,3/5/20,194,306,0,0,17107,,,15635,,,,"1,166","117,998",,,,,,,,
,3/4/20,185,490,0,0,17389,,,3315,,,,"1,306","242,377",,,,,,,,
,3/3/20,238,456,0,0,16022,,,,,,,"1,183","670,859",,,,,,,,
,3/2/20,89,124,0,0,13974,,,,,,,"1,300","668,040",,,,,,,,
,3/1/20,75,92,0,0,6544,,,,,,,984,"667,080",,,,,,,,
,2/29/20,128,241,0,0,6458,,,,,,,"1,143","621,178",,,,,,,,
,2/28/20,174,266,0,0,8425,,,,,,,"26,264","656,855",,,,,,,,
,2/27/20,175,284,0,0,8517,,,,,,,"27,875","624,208",,,,,,,,
,2/26/20,211,456,0,0,8734,,,,,,,"28,233","680,176",,,,,,,,
,2/25/20,212,418,0,0,9047,,,,,,,"27,724","681,483",,,,,,,,
,2/24/20,72,127,0,0,9269,,,,,,,"44,723","652,661",,,,,,,,
,2/23/20,67,82,0,0,4987,,,,,,,"34,001","651,458",,,,,,,,
,2/22/20,109,333,0,0,4731,,,,,,,"35,651","651,078",,,,,,,,
,2/21/20,163,281,0,0,7297,,,,,,,"53,807","668,958",,,,,,,,
,2/20/20,196,346,0,0,8285,,,,,,,"58,563","711,709",,,,,,,,
,2/19/20,196,461,0,0,9115,,,,,,,"57,119","694,184",,,,,,,,
,2/18/20,106,174,0,0,9255,,,,,,,"58,669","791,308",,,,,,,,
,2/17/20,55,78,0,0,6984,,,,,,,"50,926","908,427",,,,,,,,
,2/16/20,59,88,0,0,4894,,,,,,,"40,028","947,707",,,,,,,,
,2/15/20,132,191,0,0,5361,,,,,,,"41,303","889,106",,,,,,,,
,2/14/20,171,246,0,0,7427,,,,,,,"58,081","800,846",,,,,,,,
,2/13/20,190,317,0,0,11846,,,,,,,"62,450","905,654",,,,,,,,
,2/12/20,189,323,0,0,13448,,,,,,,"51,429","1,036,378",,,,,,,,
,2/11/20,215,343,0,0,13362,,,,,,,"60,663","1,039,234",,,,,,,,
,2/10/20,78,98,0,0,11156,,,,,,,"65,594","1,002,255",,,,,,,,
,2/9/20,50,77,0,0,0,,,,,,,"43,933","910,509",,,,,,,,
,2/8/20,159,245,0,0,7889,,,,,,,"41,653","880,142",,,,,,,,
,2/7/20,161,262,0,0,11737,,,,,,,"58,185","1,116,649",,,,,,,,
,2/6/20,172,361,0,0,13947,,,,,,,"57,104","1,400,732",,,,,,,,
,2/5/20,197,526,0,0,14201,,,,,,,"35,241","1,492,242",,,,,,,,
,2/4/20,217,404,0,0,12040,,,,,,,"33,967","1,320,087",,,,,,,,
,2/3/20,69,166,0,0,14801,,,,,,,"28,817","1,356,527",,,,,,,,
,2/2/20,50,132,0,0,7081,,,,,,,"8,367","1,668,437",,,,,,,,
,2/1/20,149,394,0,0,8054,,,,,,,"7,992","1,823,643",,,,,,,,
,1/31/20,155,432,0,0,17137,,,,,,,"8,850","1,836,090",,,,,,,,
,1/30/20,182,424,0,0,10777,,,,,,,,"1,408,989",,,,,,,,
,1/29/20,185,441,0,0,8744,,,,,,,,"1,503,917",,,,,,,,
,1/28/20,197,354,0,0,8307,,,,,,,,"818,036",,,,,,,,
,1/27/20,70,102,0,0,7918,,,,,,,,"1,124,789",,,,,,,,
,1/26/20,60,107,0,0,4270,,,,,,,,"2,148,995",,,,,,,,
,1/25/20,157,268,0,0,3997,,,,,,,,"644,208",,,,,,,,
,1/24/20,152,347,0,0,6527,,,,,,,,,,,,,,,,
,1/23/20,172,360,0,0,10038,,,,,,,,,,,,,,,,
,1/22/20,194,416,0,0,13213,,,,,,,,,,,,,,,,
,1/21/20,118,224,0,0,13871,,,,,,,,,,,,,,,,
,1/20/20,50,96,0,0,9813,,,,,,,,,,,,,,,,
,1/19/20,53,95,0,0,7476,,,,,,,,,,,,,,,,
,1/18/20,133,323,0,0,7536,,,,,,,,,,,,,,,,
,1/17/20,169,360,0,0,2119,,,,,,,,,,,,,,,,
,1/16/20,208,361,0,0,,,,,,,,,,,,,,,,,
,1/15/20,188,506,0,0,,,,,,,,,,,,,,,,,
,1/14/20,223,532,0,0,,,,,,,,,,,,,,,,,
,1/13/20,68,136,0,0,,,,,,,,,,,,,,,,,
,1/12/20,64,102,0,0,,,,,,,,,,,,,,,,,
,1/11/20,134,331,0,0,,,,,,,,,,,,,,,,,
,1/10/20,174,476,0,0,,,,,,,,,,,,,,,,,
,1/9/20,200,510,0,0,,,,,,,,,,,,,,,,,
,1/8/20,238,573,0,0,,,,,,,,,,,,,,,,,
,1/7/20,262,640,0,0,,,,,,,,,,,,,,,,,
,1/6/20,92,175,0,0,,,,,,,,,,,,,,,,,
,1/5/20,89,118,0,0,,,,,,,,,,,,,,,,,
,1/4/20,196,430,0,0,,,,,,,,,,,,,,,,,
,1/3/20,253,609,0,0,,,,,,,,,,,,,,,,,
,1/2/20,85,120,0,0,,,,,,,,,,,,,,,,,
,1/1/20,88,88,0,0,,,,,,,,,,,,,,,,,